course_status,course_organization,course_link,course_price,course_name,course_number
,博为峰网校在线教育,,免费,,583人最近报名
,蜜蜂优课,//ke.qq.com/course/406893,免费,【康哥英语】2020高考英语一轮复习规划,541人最近报名
,陕西腾跃教育科技有限公司,,免费,,520人最近报名
,柠檬班,//ke.qq.com/course/282859,¥2.23,java自动化测试入门,3500人购买
,峰源教育,//ke.qq.com/course/310623,免费,【北京峰源注册消防】（2019年注册消防考试免费直播公开课）,64人最近报名
,木客教育,//ke.qq.com/course/255762#term_id=100518043,¥2.23,AE+C4D影视后期特效视频 广告动画栏目包装设计师 平面电商美工班,4712人购买
,鲁班学院,,¥2.23,,3326人购买
,卓尔谟教育,//ke.qq.com/course/270266#term_id=100518043,¥8322.22,Rhino 7犀牛 / KeyShot 9 产品设计建模渲染进阶班【卓尔谟教育】,108人购买
,柠檬班,//ke.qq.com/course/455909#term_id=100518043,¥2.23,全面详解并实操SoapUI接口测试实战课程【柠檬班】,560人购买
,分享牛,,免费,,02人最近报名
,太阁IT认证中心,//ke.qq.com/course/405676#term_id=100518043,免费,CCNA安全思科网络工程师,49人最近报名
,拼客学院,,免费,,7人最近报名
,优梯教育,//ke.qq.com/course/455814#term_id=100518043,¥8162.22,VIP 2020淘宝实操爆款课程 一年制【优梯教育】,5275人购买
,六星教育,,免费,,686人最近报名
,马哥教育,//ke.qq.com/course/332866#term_id=100518043,免费,python基础教程-马哥7天共学Python入门基础课程,937人最近报名
,鲁班学院,//ke.qq.com/course/455581#term_id=100518043,免费,并发编程之AQS底层源码分析【鲁班学院】,523人最近报名
,卓尔谟教育,//ke.qq.com/course/283418#term_id=100518043,¥8322.22,工业产品设计手绘基础马克笔表现实战班【卓尔谟教育】,323人购买
,上课铃教育,,免费,,342人最近报名
,六星云课堂,,免费,,0863人最近报名
,柠檬班,,免费,,3206人最近报名
,百艺汇聚,,免费,,372人最近报名
,柠檬班,//ke.qq.com/course/451441#term_id=100518043,¥2.23,postman接口测试实战从入门到精通软件精品课【柠檬班】,141人购买
,真佑教育,,¥5477.22,,7人购买
,峰源教育,//ke.qq.com/course/297038#term_id=100518043,¥5.22,【北京峰源】2019注册结构基础+专业考试精选课程,5910人购买
