name,org,price
【博为峰】软件测试国际权威认证ISTQB2018版考纲培训VIP体验,博为峰网校在线教育,
【毕老师·消防全攻略】2020消防工程师入门课,毕老师·消防全攻略,¥5.22
【博为峰】软件测试国际权威认证ISTQB2018版考纲培训免费咨询,博为峰网校在线教育,免费
逆寒技术作图—试听课,熊梅军,免费
Python零基础快速就业到高级工程师/网络爬虫/人工智能/商业项目,六星云课堂,免费
Rhino3D（犀牛）工具讲解与应用课程合集免费章节,Rhino3D（犀牛）原厂中国/Shaper3d,免费
json-Python自动化测试-项目实战-/测试开发/接口/性能【学神IT】,学神IT教育,¥1462.22
"【直播】亚马逊3大引爆流量技巧,不懂英语也能爆单【齐论】",齐论跨境学院,免费
PHP7进阶到架构-Laravel/Redis/Swoole/高并发分布式【六星教育】,六星教育,免费
3Dmax多边形建模系列,云龙课堂,免费
Web前端开发(HTML/CSS/javaScript/Vue/React/Node),六星教育,免费
Java零基础入门到精通--上[历史 运算符 语法结构 数组 面向对象],渡一教育,免费
Rhino 7犀牛 / KeyShot 9 产品设计建模渲染进阶班【卓尔谟教育】,卓尔谟教育,¥8322.22
PS淘宝美工PS教程 抠图/产品精修/主图/海报/详情页 就业实战答疑,涵品教育,免费
【直播】外研版初中英语七年级上册 同步教材精讲精练 可试听,e学苑在线教育,免费
PS/PS教程/摄影后期/人像精修/液化/上妆/调色/0基础到精通,涵品教育,免费
人教版初中英语七年级上册知识点讲解课程,河北翻译培训学院,免费
CCNA安全思科网络工程师,太阁IT认证中心,免费
工业产品设计手绘基础马克笔表现实战班【卓尔谟教育】,卓尔谟教育,¥8322.22
python基础教程-马哥7天共学Python入门基础课程,马哥教育,免费
20省考冲刺+申论精讲,抵岸教育,¥5622.22
【直播】外研版初中英语七年级上册 知识点梳理语法词汇精讲,e学苑在线教育,免费
【坤哥物理】初升高如何学好高中物理？听坤哥这样说,蜜蜂优课,免费
高考数学那些神奇解题大招大汇总一,宋超,免费
高考数学中的绝杀技巧【数学超人】+【微信】supermath987,宋超,免费
基础入门--maya影视角色动画师必修课程【百艺汇聚】,百艺汇聚,免费
JVM GC调优 预习课,马士兵老师,免费
【坤哥物理】理综如何得高分：坤哥理综考试攻略大放送,蜜蜂优课,免费
【速成班】自媒体短视频赚钱|抖音Vlog今日头条号大鱼企鹅百家号,泛学苑自媒体,免费
抖音短视频上热门|自媒体网赚|Vlog视频赚钱|电商引流带货,魔贝课凡,免费
【北京峰源注册消防】（2019年注册消防考试免费直播公开课）,峰源教育,免费
2020权威「HTML+CSS」零基础入门精英课,渡一教育,免费
ADAS功能软件开发_序章,孙忠潇,免费
并发编程之AQS底层源码分析【鲁班学院】,鲁班学院,免费
VIP 2020淘宝实操爆款课程 一年制【优梯教育】,优梯教育,¥8162.22
postman接口测试实战从入门到精通软件精品课【柠檬班】,柠檬班,¥2.23
20年上半年省考申论精讲课,抵岸教育,¥762.22
Java响应式编程【马士兵教育】,马士兵老师,免费
跨境首选虾皮Shopee高手实操课程【优梯跨境】,优梯跨境学院,免费
人教版初中英语八年级上册知识点讲解课程,河北翻译培训学院,免费
山本教育素云VIP第10期恋爱技巧-脱单特训班,山本教育,¥3376.22
【北京峰源】2019注册结构基础+专业考试精选课程,峰源教育,¥5.22
自媒体运营|新媒体运营|微信公众号大鱼号百家号企鹅号今日头条号,微客教育,免费
java自动化测试入门,柠檬班,¥2.23
2019年GRE刷题营,真佑教育,¥5477.22
亿启论股【亿启教育】,亿启教育,免费
【柠檬班】软件测试自学/面试/接口/压力/自动化/性能/入门到精通,柠檬班,免费
Python全栈软件自动化测试VIP课程【柠檬班】,柠檬班,¥2.23
Spring Cloud微服务实战,享学课堂,¥066.22
【柠檬班】软件测试Python/Java接口/App/RF自动化测试/测试开发,柠檬班,免费
零基础英语口语流利说 国际音标 自然拼读法 英语语法 新概念英语,Jenny英语课堂,免费
ProE /Creo工业产品设计结构辅助设计入门到精通课,卓尔谟教育,¥8122.22
【体验班】3Dmax室外建筑表现/效果图/建筑动画/PS后期/全模渲染,艺点点教育,免费
AE+C4D影视后期特效视频 广告动画栏目包装设计师 平面电商美工班,木客教育,
高薪就业+云架构师课,学神IT教育,¥6122.22
2020年软考系统集成项目管理工程师--基础知识 精讲免费视频,小任老师,免费
Solidworks非标机械自动化,云艺帆教育,免费
【NEXT学院】人人都会微信小程序,腾讯课堂NEXT学院,
抖音电商|抖音短视频推广|新媒体|淘宝客自媒体抖音上热门,魔贝课凡,免费
【高一数学必修一】数学顶级名师带你搞定高一数学,闪电课堂,免费
《高级女装制版全套深造技术》第一期直播回放视频【艺服教育】,艺服教育,¥9179.22
2020软考-信息系统项目管理师-免费视频课,小任老师,免费
《斗罗大陆H5》史莱克训练营开学典礼,Vincent,免费
2019室内设计全案班,若水学院,¥8662.22
【坤哥物理】粒子运动专题试听课 你没听过的旋轮线 高手进,蜜蜂优课,免费
原画人厚涂插画课程试听和介绍,原画人在线学院,免费
Linux云计算架构班【包含集群+Jenkins+K8S+OpenStack+Python】,新盟教育,¥7362.22
C/C++ 零基到大神精讲(C++17最新标准/游戏编程/项目实战),易道云学院,免费
【毕老师·消防全攻略】2020消防工程师备考公开课,毕老师·消防全攻略,免费
色彩美学班VIP课程包,欧艾教育,¥876.22
Python自动化开发实战课程(基础篇)-【马哥教育】,马哥教育,免费
抖音上热门|抖音好物推荐|短视频制作|抖商引流赚钱,微客教育,免费
java全栈自动化第7-17期（web自动化＋接口自动化+app自动化）,柠檬班,¥1822.22
初二物理下册经典题详解,晓窗教育,免费
全面详解并实操SoapUI接口测试实战课程【柠檬班】,柠檬班,¥2.23
20年省考-行测精讲课,抵岸教育,¥762.22
必修二：立体几何体表面积三视图—高中数学高一数学春季高考数学,数学怪,免费
2019最新版从零开始学MT4平台MQL4语言编程第2阶段,漆学军,免费
Amazon亚马逊跨境电商VIP-把产品卖到全球,魔贝课凡,¥0976.22
C#/.NET上位机软件开发VIP体验课【资料获取加QQ：995551858】,喜科堂互联教育,免费
乘风语文2020高考极速提分攻略,晨露课堂,免费
Excel2016基础综合教程,威领word excel ppt,
Proe/Creo产品设计-结构设计（造型/工艺/开模图/工程图/仿真）,云艺帆教育,免费
启程造价直播室6-广联达BIM预算案例实操【启程学院】,启程学院,免费
【松勤】软件测试0基础到项目实战系统学习全栈班,松勤软件测试,¥4162.22
Proe-Creo产品设计/结构设计【建模曲面结构零基础到精通】,云艺帆教育,免费
Web安全工程师之攻防实验室搭建,拼客学院,免费
2020上半年自考英语二直通车VIP课程(00015)【直播+录播】晨夕,晨夕学院,¥182.22
国货新主场跨境电商虾皮Shopee爆款实操课程【优梯跨境】,优梯跨境学院,免费
.NET/C#架构师/高级开发/Core/微服务/分布式/高并发【软谋教育】,软谋教育,免费
VIP 2020淘宝运营爆款课程 【优梯教育】,优梯教育,¥9762.22
【坤哥物理】新高一高手必听课 微元法初步 详情咨询微信,蜜蜂优课,免费
【直播】ps板绘商业插画设计试听课【合尚教育-HESUN】,合尚教育,免费
高级男装结构与版型技术工程课程【艺服在线教学】,艺服教育,¥0776.22
2020软考--网络工程师-免费视频课程,小任老师,免费
Solidworks/CAD机械设计SW钣金焊件非标自动化工程图装配动画仿真,云艺帆教育,免费
软件测试从小白到高手全程班【柠檬班】第67期,柠檬班,¥4162.22
【坤哥物理】高三二轮复习攻略-暨二三轮复习课发布会,蜜蜂优课,免费
Mysql底层原理与性能调优【图灵学院】,图灵学院,免费
自考线代+概率论组合（2020年4月）,刘老师“慢”数学课堂,¥186.22
2020高考学渣拯救计划,闪电课堂,免费
【坤哥物理】2020最新考纲解读,蜜蜂优课,免费
领先见识•2019高考语文一轮复习（预备课）,杨洋,¥577.22
服装打版服装纸样服装制版教程-直播【山本教育】,山本教育,免费
【高考数学、高中数学】三角函数,闪电课堂,免费
【淘宝系统化运营】90天成长计划,亚空学堂,¥3166.22
CRMEB门店设置与核销,鲁冬明,免费
【超级数学建模|公开课】Python机器学习—泰坦尼克号获救预测,数锐科技,免费
整体形象设计师（线下+线上）,完颜形象教育,¥5062.22
高考英语完形填空  完型填空1小时冲向满分（vx-13186026871）,陕西腾跃教育科技有限公司,免费
【Atstudy】软件测试/性能/接口/压力/自动化测试 从入门到精通,博为峰网校在线教育,免费
《高级女装制版全套深造技术》第二期VIP一班级直播回放视频,艺服教育,¥5876.22
室内设计师必备技能【施工图/建材施工/方案预算/谈单沟通】,仁厚教育,免费
纯粹罗肖雯软装设计系统|室内设计师必学的配饰陈设|,纯粹教育设计网校,免费
2020年浙江省公务员考试—笔试系统班,思政教育,¥762.22
2022新高一基础提高班【数学超人】+【微信】supermath987,宋超,¥2.77
CRMEB小程序分包处理,鲁冬明,免费
2020成人学位英语VIP课程 晨夕-自考、网教、成教,晨夕学院,¥162.22
【直播】Shopee虾皮零基础，也能快速爆单【齐论】,齐论跨境学院,免费
C#/.NET大数据高并发架构设计/.NET构架师【软谋教育】,软谋教育,免费
淘宝VIP爆款运营实操系列课程【优梯教育】,优梯教育,¥0762.22
web前端开发之React.js入门到进阶【金渡教育】,金渡教育,免费
粤语公开课,说文大学堂（川流不息）,免费
高薪就业+云架构师课,学神 IT 教育,¥6122.22
【后期课】3Dmax室外建筑效果图建筑表现-建筑设计/渲染/PS后期,云艺帆教育,免费
C语言/C++语言/数据结构算法/MFC/QT【六星教育】,杰越学院,免费
【NEXT学位 x IMWeb】Web前端从小白到大师进阶课程,腾讯课堂NEXT学院,¥9877.22
Java日志框架-SLF4J入门,马士兵老师,免费
HashMap常见面试题及解答【鲁班学院】,鲁班学院,免费
计算机二级C语言精品课程[含公共基础][送指导],陈浩老师网络课堂,¥552.22
C#/.Net/架构师/分布式/跨平台/微服务/系统架构/底层原理/框架,朝夕教育,免费
【坤哥物理】2020高考一轮试听课-磁场概念公式、定理及口诀结论,蜜蜂优课,免费
2020年二级建造师二建施工管理超值大礼包,教授伴学,¥11.22
选修：导数概念与求导公式—高考数学高中数学高二数学微积分,数学怪,免费
Web前端开发之JavaScript(Js)精英课堂,渡一教育,免费
原画人场景设计9期【东彪】,原画人在线学院,¥9772.22
色彩搭配 服装搭配 形象设计 . OS形象设计中心  时尚公开课,欧艾教育,免费
软件设计师-免费课程,倪奕文,免费
2020年初级会计师职称【实务经济法2科全套】精讲班+讲义题库答疑,瑞云学堂,¥16.22
2020年3月未来教育二级C语言全程班免费课,未来教育,免费
.NET工控上位机实战系列课程【资料获取加QQ995551857】,喜科堂互联教育,免费
商业人像精修高级班  免费重修（领取买1赠2福利请咨询客服下单）,蜂鸟摄影微课堂,¥8976.22
教你玩社群淘客+淘宝客+淘宝联盟+内部优惠券,微客教育,免费
独立音乐人训练—编曲（音乐制作）公开直播课,乐才派,免费
2020年3月全国计算机二级Office通关vip教程,蒋老师过级,¥47.72
千锋html5经典入门视频教程：基础知识点讲解,扣丁学堂,免费
必修四：三角函数与诱导公式—向量高中数学高一数学春季高考数学,数学怪,免费
20年省考行测申论联报课程,抵岸教育,¥5712.22
安装工程造价 给排水/电气/消防/广联达/预算实操 安装造价公开课,妥妥教育,免费
【渲染课】3Dmax室外建筑效果图建筑表现/建筑设计/渲染/PS后期,云艺帆教育,免费
井方格实用硬笔行书速成法,硬笔书法培训,¥864.22
情商提升课程-情感恋爱课堂山本情感课堂,山本教育,免费
分库分表-AOP高阶应用【图灵学院】,图灵学院,免费
学神Linux高薪运维云计算全程班/全程直播/终身学习/一对一辅导,学神IT教育,¥1742.22
（高中生物、高一生物）必修一《细胞的物质运输》,闪电课堂,免费
必修一：集合概念与综合—高中数学高考数学高一数学函数春考对数,数学怪,免费
原画人日韩角色设计1期【吸烟】,原画人在线学院,¥0672.22
高一同步课程初升高衔接（数英物化生史地）,闪电课堂,免费
【康哥英语】2020高考英语一轮复习规划,蜜蜂优课,免费
【VIP-2年】付款链接 淘宝店铺电商运营 新手入门【齐论教育】,齐论教育,¥4576.22
2020年一级建造师一建免费系列课,教授伴学,免费
物理高考2020一轮复习【王羽物理】添加微信领取资料：97975128,王羽,免费
武百分2020执业/助理医师资格考试泌尿系统考点精讲,武百分教育,¥17.22
spring boot原理解析【鲁班学院】,鲁班学院,免费
solidworks非标机械自动化设计免费精品课,云艺帆教育,
商业插画-基础班,应图马教育,¥3262.22
【高考数学、高中数学】平面向量精选,闪电课堂,免费
初中数学总复习 初一 初二 初三 知识点+例题,数学微课帮,免费
初级职称通关班第9期,菜子学院,¥5762.22
MATLAB中的正则表达式应用,孙忠潇,免费
【艾巴优教育】3DMAX建模效果图 CAD VRAY PS cr室内设计家装工装,艾巴优教育,免费
淘宝运营技巧实操讲解 直通车拉升自然访客轻松打造爆款【齐论】,齐论教育,¥77.22
我要学产品-90天产品经理实战班,起点学院,免费
2020高考化学一二三轮复习高效备考张梅化学+Q群584511033领资料,张梅氢松化学,免费
无货源电商VIP课程,大娃火焱社,¥8762.22
VR室内设计/交互式全景/用3dmax、UE4创造照片级室内设计效果图,丁树凯,免费
【精品推荐】人体结构基础绘画公开课,飞鱼绘,免费
2020给排水专业全程班,张工教育,¥8062.22
【坤哥物理】高二选修3-1电场同步课 最走心的免费课,蜜蜂优课,免费
Python编程入门到进阶/爬虫/数据分析/人工智能,灵犀教育,免费
线稿课程17期【墨非凡画坊】,邓梦菲,¥3222.22
165天逆袭web前端高级开发工程师 JS/React/VueJS/NodeJS框架实战,职坐标,免费
网络营销|网赚抖音电商|Vlog短视频|赚钱营销淘宝客引流网络推广,微客教育,免费
数码摄影课程合辑-中艺网校,中艺影像,¥3762.22
【北京峰源】混凝土结构设计实战免费公开课,峰源教育,免费
小雨注暖一元体验班及公开课,蔺鹏飞,¥2.52
【VIP-2年】付款链接 打造爆款全系拼多多 运营实操课程【齐论】,齐论拼多多学院,¥9976.22
PS淘宝美工实战特训 平面设计 海报设计 主图 详情页 智源教育,智源教育学院,免费
Flutter女装商城实战(学习版),亢少军,免费
Java高级架构师进阶课程【六星教育】,六星教育,¥4662.22
ps板绘商业插画/插画设计/插画/板绘/手绘/CG插画/设计,应图马教育,免费
300股指期权与300ETF期权注意事项及盈利策略,成都智慧宽客科技有限公司,免费
Jmeter高级性能测试项目实战(赠送Loadrunner视频）,松勤软件测试,¥8762.22
初中物理 初二物理下册重点章节知识点,可邦教育,免费
短视频自媒体|新媒体赚钱揭秘，头条号|抖音|百家企鹅号趣头条,泛学苑自媒体,免费
英语语法+配套训练,e学苑在线教育,¥177.22
JAVA架构师精品课 企业级架构/分布式/高并发/微服务【图灵学院】,图灵学院,免费
2020年勘察设计注册电气工程师基础考试（学姐带你过电气）,电气学姐,免费
从基础到风光人文进阶,好摄帮课堂,¥3162.22
【高中数学、高考数学】射影定理秒杀三角函数难题【肖博数学】,肖博教育,免费
注册结构工程师专业考试—公开课免费学,兰定筠,免费
【摄影】畅学会员中艺,中艺影像,¥5762.22
国和【路基工程精讲一】教材编委郑智能主讲,国和网校,¥5.22
期权若干本质问题解析——结合咏春PRO,成都智慧宽客科技有限公司,免费
武百分2020执业/助理医师资格考试血液系统考点精讲,武百分教育,¥17.22
琅泽成哥_3Dmax-tyFlow超强粒子插件教程,琅泽在线教育,免费
Office2016高级商务办公必学Word Excel PPT三科【Office微课】,Office微课-马老师,免费
【摄影】摄影基础实战/郭卫/录播/中艺,中艺影像,
【直播】小学英语语法全套 小升初语法冲刺辅导 零基础课程,e学苑在线教育,免费
这样的构图，你掌握了么？,飞图映像摄影学院,免费
UG塑胶模具设计中级班,学呀教育.,¥3776.22
【坤哥物理】高中物理学习中看似勤奋、实则低效的7个坑！,蜜蜂优课,免费
成人学位英语试听课-适用自考、网教、成教 - 晨夕,晨夕学院,免费
python自动化+Py全栈+爬虫+Ai=python全能工程师-挑战年薪30万,马哥教育,¥4362.22
【张老师考试学院】免费注册结构工程师专业考试培训,张老师考试学院,免费
2020年3月 未来教育计算机三级数据库技术全程班试听课,未来教育,免费
Grasshopper 工具组件用法系统课程（合集）,Rhino3D（犀牛）原厂中国/Shaper3d,¥062.22
PS教程/摄影后期 人像 商业精修/调色/排版/合成/风光 风景/影楼/,涵品教育,免费
【坤哥物理】2020高考一轮试听课-相互作用、平衡态受力分析技巧,蜜蜂优课,免费
2020完全解析+题库,唐志,¥376.22
全网最强JVM类加载器机制讲解,图灵学院,免费
2021天勤率辉计算机考研备考方案,天勤辉哥讲堂,免费
2020高三数学寒春班,上课铃教育,¥5177.22
CISSP认证学习公开课,铭学在线课堂,免费
顶级名师带你冲刺2020高考,闪电课堂,免费
旭文日语-零基础~N2-全课程随意学特惠套餐,常泽教育,¥3316.22
【佳骏语文】2020高三一轮试听课-轻松拿分的文言文翻译法则,蜜蜂优课,免费
【高一数学必修一】集合模块精选,闪电课堂,免费
Excel Power Query 第2季视频教程 可视化及M函数入门【朱仕平】,朱仕平,¥516.22
Web安全/kali/黑客信息安全/网络安全/渗透/linux/编程语言/架构,掌控安全学院,免费
【坤哥物理】2019全国123卷点评 今年居然这样考 不听后悔一整年,蜜蜂优课,免费
武百分2020执业/助理医师资格考试运动系统考点精讲,武百分教育,¥17.22
SpringMVC+Spring+MyBatis框架整合SSM整合[IntelliJ IDEA/MySQL],鸟哥教育,免费
【坤哥物理】2022新课标必修一试听课-巧用XT、VT图秒解物理题,蜜蜂优课,免费
室内设计VIP初高级班(2019年底冲刺班1),仁厚教育,¥0312.22
Flowable modeler设计器集成,分享牛,免费
【CG插画直播间】板绘基游戏美术/手绘/绘画/SAI/插画原画,润木艺术,免费
【阶段一】前端全栈工程师精英班,京程一灯,¥4662.22
ANSYS worbench 结构分析精通试听课,武汉卓宇创新计算机辅助设计有限公司,免费
CAD2020软件运用，全套施工图讲解,云学贝教育,¥9.22
次世代游戏提升班【云普集教育】,云普集游戏动漫学院,¥1362.22
初中物理 初二物理全年必考重点知识点（上下学期）,可邦教育,免费
"Java架构师,Java高级|只为培养互联网java架构师【咕泡教育】",咕泡教育,免费
【摄影】如何拍人像/田德友/录播/中艺,中艺影像,¥586.22
Java互联网架构师之设计模式精讲,图灵学院,免费
初三物理全册经典题详解,晓窗教育,免费
马哥Linux高端运维云计算就业班-教学总监老王主讲,马哥教育,¥9162.22
圆锥超级大招：独家心法口诀—高中数学新高考数学高三一轮,数学怪,¥7.72
高中物理必修一课后练习讲解,晓窗教育,免费
【恩维客教育】VIP室内设计CAD施工图深化高级班,恩维客教育,¥5462.22
Java小白如何逆袭50万年薪技术大咖,小码哥教育,免费
春哥4节超值人体结构干货入门课,飞鱼绘,¥7.72
产品精修+海报合成实战班/为课教育,为课教育,¥5177.22
(小码哥)经典编程语言：Swift编程入门,小码哥教育,免费
【北京峰源】安装工程造价（水电暖消防 招投标预算结算 广联达）,峰源教育,免费
精英续航系列-精讲班：经济法基础【续航A班】,菜子学院,¥876.22
国和【路基工程精讲二】路床设计 教材编委郑智能主讲,国和网校,¥5.22
Axure视频教程：AxureRP8零基础到全面精通（自学视频，更新中）,部落窝教育,免费
武百分2020乡村全科执业助理医师考点精讲班,武百分教育,¥476.22
国和【桥梁工程精讲之小桥涵】道勘大咖孙家驷老师主讲,国和网校,¥5.22
SPOTO专注思科认证培训16年，资深专家带你玩转CCNA/CCNP/CCIE,SPOTO思博网络,免费
立体裁剪+平面制版 /平立一体互通打版进修课程（艺服教育）,艺服教育,¥9776.22
移动端高级 | 移动端开发深度揭秘【妙味课堂】,妙味课堂,免费
【免费试学】自媒体短视频赚钱|头条号|抖音电商网赚|网络营销,泛学苑自媒体,免费
【思睿电商】 2020年终冲刺班,思睿电商学院,¥8162.22
graceUI  - 微信小程序UI框架、uni-app UI框架 使用教程,hcoder 刘海君,免费
3dmax培训  3dmax效果图灯光渲染，vip试听教程,云学贝教育,免费
【北京峰源】土建造价实战班,峰源教育,¥3377.22
【高一数学必修一】函数模块精选,闪电课堂,免费
maya肌肉系统从入门到精通（上）,创世工匠vfx,免费
【VIP-2年】付款链接 快速打造店铺爆款，营销最新玩法【齐论】,齐论京东学院,¥4976.22
2020护士资格证考试精品课免费试听版（护资辅导名师刘本胜主讲）,刘本胜,免费
面向对象C#零基础入门精讲（1）C#开发入门,徐照兴,¥52.22
原画人零基础入门15期【苗苗】,原画人在线学院,¥0272.22
自考英语二试听课（00015）晨夕,晨夕学院,免费
县长评片会（三）,飞图映像摄影学院,免费
2020给排水专业真题精粹飞跃班,张工教育,¥3162.22
爱情恋爱技巧恋爱情商课,山本教育,免费
幕墙结构设计训练营,江苏轩锐教育,¥7.72
【火焱社拼多多】拼多多实战运营实战课程零基础打造爆款VIP升级,火焱社拼多多商学院,¥8922.22
武神商学院（股票技术）第8课_KDJ详解和指示方法,南瓜商学院,免费
ASP.NET就业实例教程（1）ASP.NET基础入门搭建网站开发环境,徐照兴,¥52.22
武百分2020执业/助理医师资格考试心血管系统考点精讲,武百分教育,¥47.22
AI/CDR/PS/版式/字体/设计思维/色彩/包装/画册-平面设计进阶实战,红动优学教育,免费
初中数学 初二数学全年必考知识点（上下学期）,可邦教育,免费
中级财管通关保障B班,菜子学院,¥5362.22
Web前端0到架构师①HTML+CSS+JS基础,小码哥教育,免费
零基础学化妆 .OS形象设计中心 时尚公开课,欧艾教育,免费
Java分布式电影预告小程序后台实战项目【鲁班学院】,鲁班学院,¥5362.22
市政录播试听课（一阶）-工程造价案例实操【启程学院】,启程学院,免费
2020年3月 未来教育计算机三级网络技术全程班试听课,未来教育,免费
Linux入门到服务器架构师,零声学院,¥6312.22
（视频教程）CAD施工图室内设计（连载更新）从零基础入门到精通,艾巴优教育,免费
PS摄影后期修图／影楼后期／商业修图／风光调色／公开课,嗨森课堂,免费
2020年初级会计师2科目协议通关【VIP全程私教辅导每日计划任务】,瑞云学堂,¥877.22
PS零基础教程/平面设计/淘宝美工/后期修图/平面设计师入门,野马设计学院,免费
【体验班】3Dmax室内外建模/建筑效果图/建筑表现/零基础学习,艺点点教育,免费
摄影后期进阶实战班,光影学院,¥8362.22
武百分2020临床执业医师/助理医师直播课堂,武百分教育,免费
WordPress仿站实例教程,曲靖乾动网络科技有限公司,免费
X-T1摄影入门到精通,FUN视觉  雷波,¥876.22
川西十大绝美秘境独家介绍,蜂鸟摄影微课堂,免费
PROE/CREO基础入门到精通教程,东湖教育,免费
python全栈自动化测试工程师第12-27期【柠檬班VIP】,柠檬班,¥1462.22
3Dmax.maya.zbrush.次世代游戏建模【云普集游戏动漫学院】,云普集游戏动漫学院,免费
三菱Q系列PLC视频高级编程和实操第1辑－龙丰自动化,龙丰自动化培训中心,免费
原画人3D辅助美宣2期【李睿】,原画人在线学院,¥1762.22
零基础安装工程造价/给排水/强电弱电/广联达GQI/GCCP5//施工工艺,起步造价实操,免费
21考研政治“保70争80”备考规划（无回放）,乐学喵,免费
Linux云计算架构师进阶班-Docker-K8s-Devops-Openstack-1对1辅导,学神 IT 教育,¥1772.22
注册电气工程师（发输变电）专业考试免费公开课,张工教育,免费
【智能社】ES6精讲—ECMAscript6精通系列（基础篇）,【智能社】在线课堂,¥2.52
实务+财管通关B班,菜子学院,¥3362.22
Rhino倒角工具用法与技巧分享,Rhino3D（犀牛）原厂中国/Shaper3d,免费
PS/AI/CDR/C4D平面设计品牌设计,野马设计学院,免费
武百分2020执业/助理医师资格考试儿科疾病考点精讲,武百分教育,¥77.22
CAD全套【CAD零基础制图教程】,云艺帆教育,免费
Vue前后端分离架构技术【免费学习】,每特教育,免费
高级女装制版全套深造技术--VIP二班级【艺服在线教学】,艺服教育,¥3777.22
钢结构工程造价/门式/框架/网架/桁架/广联达GJG/GCCP5/施工工艺,起步造价实操,免费
【北京峰源】钢结构设计门刚+框架+网架+桁架+网壳+SAP2000+Midas,峰源教育,免费
智源教育SVIP专享-电商美工实战特训【飞速跨越孵化班】,智源教育学院,¥3162.22
室内设计全套课程【CAD施工图、工艺材料、方案优化、软装谈单】,仁厚教育,免费
异步处理——不刷新页面请求数据,徐照兴,免费
【坤哥物理】2020高三二轮三轮系统班 高考直播模拟考,蜜蜂优课,¥3977.22
Java架构技术/微服务技术/互联网技术/架构师公开课【每特教育】,每特教育,免费
安装直播公开课1-广联达BIM预算案例实操【启程学院】,启程学院,免费
【VIP】商业插画系统课程【板绘】,合尚教育,¥8362.22
高考英语高中英语高三英语阅读理解满分大招 高亮老师,高亮老师,免费
AE/PR/短视频制作/UI动效/视频剪辑【直播】-51RGB在线教育,51RGB在线教育,免费
大暑教育2020全新VIP实战课程,大暑电商学院,¥8162.22
VueCli3全新小白入门教程(基础+实战+vue+fetch+axios+米斯特吴),米修在线,免费
PS教程 免费 PhotoShop  美工教程 平面设计 淘宝装修 PS淘宝美工,聚心恒教育,免费
消防安全技术实务精讲,不惑教育,¥677.22
【录播】英语口语发音技巧入门课程《自然拼读法》Steve老师主讲,e学苑在线教育,免费
【直播】恋爱技巧/情感聊天技巧/婚姻情感挽回,山本教育,免费
性能优化特训营,六星教育,¥772.22
【优梯教育】新手开店找货源 手淘首页低价引流 微淘钻展运营技巧,优梯教育,免费
2020麦街注册测绘师学习指南,麦街网,免费
原画人插画基础8期【时若可止、二戈】,原画人在线学院,¥3772.22
微信小程序框架的制作,黄菊华,免费
未来教育二级ms office上机考试题库视频解析,未来教育,免费
原画人伪厚涂插画11期【醒爷】,原画人在线学院,¥9172.22
微信小程序、零基础入门、基础语法讲解,黄菊华,免费
Android移动互联网架构开发,享学课堂,免费
武百分2020执业/助理医师资格考试女性生殖系统考点精讲,武百分教育,¥77.22
JAVA高级开发 架构师课程（高并发 高可用 高扩展）,享学课堂,免费
UG/NX产品设计体验课【今晚直播】造型/工程图/装配/仿真分析,吾思教育,免费
6D2摄影从入门到精通,FUN视觉  雷波,¥876.22
【VIP限时体验】Android安卓架构跨平台NDK大移动端【动脑学院】,动脑学院,免费
UG编程实战 产品零件及模具UG数控编程入门到精通,云艺帆教育,免费
2019国考笔试高频刷题【第四期】,尚政公考,¥362.22
Kali安全渗透+Web白帽子高级工程师+黑客攻防-腾讯课堂认证课程,学神IT教育,免费
.NET Core从入门到高级进阶【软谋教育】,软谋教育,免费
java高级阶段（阶段三）,拓薪教育,¥5677.22
【直播2】CG游戏原画/插画角色设计体验课【合尚教育-HESUN】,合尚教育,免费
CAD制图全能【第一阶段.启航班】,云艺帆教育,¥622.22
【直播】零基础素描几何体静物肖像免费试听课【合尚教育-HESUN】,合尚教育,免费
【VIP限时体验】50W年薪Java高并发分布式架构课【动脑学院】,动脑学院,免费
2020高考物理抢跑备考营,晨露课堂,免费
小儿推拿必修精品课程,青岛天士元健康管理咨询有限公司,¥8722.22
武百分2020乡村全科执业助理医师考试直播课堂,武百分教育,免费
顶级名师带你冲刺2020高考,闪电课堂,免费
高一答疑解惑班数理化,大鹏家课堂,¥553.22
C/C++Linux服务器开发/后台架构师【零声学院】,零声学院,免费
亿启聊股大讲堂,亿启教育,免费
2018初级会计师职称考点+习题班送真题原题库软件名师王成瑶,瑞云学堂,¥77.22
2020高考数学冲刺系列公开课,肖博教育,免费
PROE CREO  从基础到高级【东湖教育】,东湖教育,免费
中级实务通关保障B班,菜子学院,¥5362.22
C#/.NET全栈/Core/BS/CS/上位机/WPF/WCF【喜科堂】,喜科堂互联教育,免费
【官方推荐】2019会计+税务实操【报税报表+财税热点+新政解读】,菜子学院,免费
原画人场景设计8期【申鹤】,原画人在线学院,¥9172.22
将军学院-平面设计 PS教程 淘宝美工 店铺装修 photoshop 抠图,将军学院,免费
零基础CG游戏原画/插画—角虫从零到神分享课【合尚教育-HESUN】,合尚教育,免费
2020省考旗舰班,晴教育,¥3762.22
【直播】板绘厚涂原画插画vip试听课,漫优教育,免费
2020高考物理高中物理【寒假野蛮提分特训营】,上课铃教育,免费
5D3摄影入门到精通,FUN视觉  雷波,¥876.22
C/C++零基础到精通项目实战,顿开教育,免费
【2020中级会计师3科】中级会计职称 初级会计师 CPA注册会计师,一品老殷会计课,免费
【图灵VIP专属课堂】JAVA互联网架构师专题/分布式/高并发/微服务,图灵学院,¥4662.22
帆哥母题训练营！稳拿120分+【加微信kaomiaomiao领资料】,乐考喵,免费
2020高考政治一轮复习规划,蜜蜂优课,免费
"Office应用大师年费班(含Excel,Word,PPT,VBA,PQ,PP等)【朱仕平】",朱仕平,¥476.22
【火焱社拼多多】拼多多实战分享金牌运营新手店铺爆款布局,火焱社拼多多商学院,免费
JAVA实战班体验课【软谋教育】,软谋教育,¥5.22
【修图】专业摄影师带你玩转Lightroom/许伟华/录播/中艺,中艺影像,¥577.22
【直播】手绘漫画基础入门日漫美漫Q漫免费体验课【合尚-HESUN】,合尚教育,免费
2020公务员省考笔试公开课【晴教育公考】,晴教育,免费
高二数学同步精讲,北京跨学网教育科技有限公司,¥547.22
PS淘宝美工PS教程/平面设计/抠图/产品精修+主图/海报/详情页设计,涵品教育,免费
超级学习法天才精英班三四年级,广东世之峰教育网络科技有限公司,¥0762.22
PS教程 免费 PS电商美工/排版/配色/合成/海报设计/产品精修/详情,涵品教育,免费
C#/.NET核心语法精讲【软谋教育】,软谋教育,免费
【北京峰源】结构设计（混凝土、钢结构、注册、装配式 、超限）,峰源教育,免费
【严选课程】Java互联网架构师系统进阶课程（VIP） 【享学课堂】,享学课堂,¥4662.22
Python/爬虫/人工智能/TensorFlow/机器学习/Django/图像识别,软谋教育,免费
PS/PS电商设计/淘宝美工/PS教程 抠图/产品精修/主图/海报/详情页,涵品教育,免费
商业高级后期班,为课教育,¥3977.22
Ps教程/平面设计/品牌logo/VI设计/海报设计/淘宝美工【直播】,51RGB在线教育,免费
2019淘宝运营之单品访客7天破千的技巧揭秘,大娃火焱社,¥55.22
Ui设计零基础入门系列课ps/ai/icon/app【直播】,51RGB在线教育,免费
做抖音电商|抖音短视频PR+AE|网络营销新媒体自媒体淘宝客快手,魔贝课凡,免费
2020高考• 答题技巧速成班（英语、地理、政治）,闪电课堂,免费
JavaVIP-Redis突击训练之入门到疯魔,六星教育,¥77.22
日本语从零基础发音入门，动漫、留学、高考、考研【蓝轨迹日语】,蓝轨迹,免费
项目经理带你-零基础学习C++【奇牛学院】,奇牛学院,免费
JavaEE高级/javaweb/数据库/ssm框架/maven/linux,拓薪教育,¥8777.22
【直播】零基础手绘漫画插画试听课【合尚教育-HESUN】美术绘画,合尚教育,免费
ES6标准入门与实战教程,软谋教育,免费
中级经济法通关保障B,菜子学院,¥5362.22
2020高考化学难点突破,依依老师,免费
CAD家具设计全屋定制家具板式实木室内设计衣柜橱柜酒柜测量拆单,云艺帆教育,免费
PS/AI基础班/为课教育,为课教育,¥162.22
室内方案设计手绘思维布局优化,云艺帆教育,免费
UI/UE设计 APP/网页/交互设计/动效设计 PS 高薪实战班,米你课堂,免费
二级机电备考合集,筑城网校,¥5376.22
室内施工图深化设计（CAD、预算、材料、工艺、现场）,云艺帆教育,免费
大神教你学插画VIP—古风插画特训班,绘梦CG学院,¥8812.22
C4D/PS/CDR/AI新锐平面视觉设计 字体设计 logo设计 色彩版式,云艺帆教育,免费
PS AI平面设计/配色/版式/海报/画册/折页/包装/logo/字体设计/VI,米你课堂,免费
Solidworks机械动画-运动仿真-机械方案动画就业班,云艺帆教育,免费
C4D+Octane高级电商美工3D立体设计实训【高薪提升进阶班】,智源教育学院,¥3862.22
3DMAX室内效果图实战（VR、LWF、灯光、材质、配饰、后期、写实）,云艺帆教育,免费
亚马逊金宝贝孵化班,百聚汇商学院,¥57622
【VIP】CAD工程师制图直播答疑,云艺帆教育,免费
EF+MVC从入门到实战开发【软谋教育】,软谋教育,免费
UG塑胶模具设计入门到通精2D排位-3D分模全3D高级汽车模全套案例,云艺帆教育,免费
二级结构备考合集,筑城网校,¥5376.22
【火焱社直播】淘宝数据化运营解析、直通车爆款低价引流,大娃火焱社,免费
室内设计3Dmax建模、效果图实战之零基础到高级,云艺帆教育,免费
商业插画设计实战班【VIP】,米你课堂,¥8462.22
ps/ps电商设计/淘宝美工/ps教程/平面设计/海报/主图/详情页/精修,涵品教育,免费
C/C++入门到精通企业级项目实战,六星教育,免费
二级建筑备考合集,筑城网校,¥5376.22
Java开发/大数据/微服务/SpringBoot/SSM框架/mysql数据库/分布式,灵犀教育,免费
【直播】英语语法知识学习-跟海斌老师学语法 免费直播公开课,e学苑在线教育,免费
Kali安全渗透+Web白帽子高级工程师+黑客攻防-腾讯课堂认证课程,学神IT教育,¥1872.22
会计实务：报税+做账+报表+发票+新政策+税务筹划+财务软件+答疑,云财网校,免费
【素描直播间】几何静物/人像肖像头像/石膏像/美术画画/速写,润木艺术,免费
UG产品+模具全科班,学呀教育.,¥6666.22
【爆款】photoshop/ps基础 /ps教程/平面设计/ps电商视觉【齐论】,齐论视觉学院,免费
UI设计进阶/小白学UI/0-3年设计进阶必修课/UI特训营体验课,知行一教育,免费
【西瓜商学院】路遥私家打造爆款绝秘玩法,西瓜商学院,¥77.22
不止于就业前端技术|JavaScript底层核心|组件化开发|JS|Vue|Node,妙思维JS++,免费
Excel2013从入门到精通 实用技巧 函数公式 透视表【云财网校】,云财网校,免费
Web前端开发高级进阶班【软谋教育】,软谋教育,¥9077.22
日本语零基础从发音到『听说读写』样样通【三文猫日语】,三文猫,免费
HTML5前端+全栈从基础到就业班,黄埔课堂,¥5776.22
【真人视频】零基础日语入门必备：五十音图,三文猫,免费
【2020CPA6科】注册会计师 注会会计 中级会计师 初级会计师,一品老殷会计课,免费
公务员面试公开课（适用国考、事业单位）【诚真公考】,诚真公考,免费
（正式班）3DMAX效果图室内外设计（从零到精通）艾巴优教育,艾巴优教育,¥8162.22
得语文者得天下，得大仙者得语文，双一流大学任你挑！,王羽课堂,免费
【直播】电商视觉 ps平面设计精修主图教程详情页设计【齐论】,齐论视觉学院,免费
从基础到人像后期进阶,好摄帮课堂,¥3162.22
高考化学不用愁，名师带你成学霸,王羽课堂,免费
Java零基础入门到精通（Spring/Mybatis/数据库/多线程/MVC）,灵犀教育,免费
【新手友好】5节课“零基础”入门谷歌推广,魔贝课凡,¥76.22
【2020初级会计师2科】初级会计职称初级会计实务 CPA中级会计师,一品老殷会计课,免费
高中数学成绩还在中低层徘徊？这样高考可不行！,王羽课堂,免费
UI设计特训营/项目实训基地/交互/APP设计/WEB设计/UI动效拔高课,知行一教育,¥3762.22
昼夜诗文　第六季全新开播,杨洋,免费
抖音快手短视频|电商引流带货|自媒体运营涨粉赚钱|淘宝客网赚,泛学苑抖音短视频,免费
Rhino3D(犀牛)工具讲解与应用课程（合集）,Rhino3D（犀牛）原厂中国/Shaper3d,¥062.22
【直播】京东关键词排名提升上首页 快车霸屏内容营销【齐论】,齐论京东学院,免费
PS/PS摄影后期/PS修图教程/影楼/人像精修/调色/风光/商业/为课,为课教育,免费
【外研社版】三上+三下,Jenny英语课堂,¥79.22
PS/PS综合平面设计/PS/AI平面设计/版式/字体/LOGO/VI/海报/为课,为课教育,免费
Kali渗透全方位实战/黑客/linux/网络安全/攻防/漏洞挖掘,掌控安全学院,免费
千代手绳系统教学课程 初级基础班,千代,¥3176.22
PS教程/淘宝美工/C4D/AI/平面设计/电商美工/Photoshop/UI设计,拓薪教育,免费
【直播】拼多多新手7天快速打造爆款玩法【齐论】,齐论拼多多学院,免费
【齐论跨境/专注跨境培训】亚马逊VIP学习卡（一年）,齐论跨境学院,¥8977.22
牙典教育-2020口腔执业/助理历年真题精讲,牙典教育,免费
抖音教程新媒体营销短视频运营实战技巧,山本教育,免费
摄影后期/影楼 精修 调色 风景 人像 合成 商业修图/全能班 聚恒,聚心恒教育,¥3122.22
（直播+视频）室内设计3DMAX建模-家装工装效果图制作CAD-PS-VRAY,艾巴优教育,免费
【恩维客教育】室内设计/3Dmax/PS/Vray写实效果图从零基础到高级,恩维客教育,免费
【VIP-2年】付款链接 快速选择精品专注跨境培训实操课程【齐论】,齐论跨境学院,¥4576.22
淘宝爆款批量复制【直播】，0基础速爆流量  搜索直通车运营教学,巨皇教育,免费
商业3dmax建筑漫游动画Vray-AE-艾巴优教育,艾巴优教育,免费
【赠课】19高考语文一轮复习（上）：文学的发现,杨洋,¥177.22
服装手绘手稿设计/服装水彩画/彩铅插画服装手绘插画-公开课直播,山本教育,免费
【直播】2020高考数学知识点全面梳理班,北京卓铭助力教育科技有限公司,免费
【外研社版】三/四/五/六年级(上册+下册),Jenny英语课堂,¥343.22
牙典教育-2020口腔执业（助理）医师实践技能六站详解免费公开课,牙典教育,免费
WorkNC数控编程,郑龙海,免费
中高级测试开发「名企定向培养」班-霍格沃兹测试学院,霍格沃兹测试学院,
尚学堂AI人工智能、深度学习、Python系列课程！,中科云数（北京）科技有限公司,免费
模具设计特训军：UG+CAD+MF  从零基础到工厂实战到顶尖工程师,莉智教育科技有限公司,免费
【NEXT学院】Vue从入门到实战,腾讯课堂NEXT学院,¥5977.22
Ps/ps基础/新手入门/抠图小技巧/调色方法/精修技巧,涵品教育,免费
【北京峰源】土建工程造价（招投标预结算 识图 手算 广联达GTJ）,峰源教育,免费
2020年注册结构工程师全程班,张工教育,¥8322.22
直播- 商业插画、平面设计、UI设计、电商C4D、美工logo,米你课堂,免费
注册消防工程师公开课,张工教育,免费
软件测试管理层人才Leader精英班【乐搏学院】,乐搏技术学院,¥0776.22
Python核心编程基础,逻辑教育,免费
注册勘察设计工程师基础系列公开课,张工教育,免费
A6000摄影入门到精通,FUN视觉  雷波,¥876.22
2020年 HTML+CSS 零基础权威入学宝典,渡一教育,免费
HTML+CSS Web前端开发工程师快速入门必备课程【咕泡】,咕泡教育,免费
亚马逊特训班VIP套课,百聚汇商学院,¥7622.22
"JVM面试专题分享,Jvm调优java高级,Java架构师进阶【咕泡学院】",咕泡教育,免费
分布式架构-Redis高并发分布式锁,图灵学院,免费
C4D电商视觉全能班,蓝巴教育,¥3977.22
"Spring核心原理剖析,手写Spring,Java架构师进阶【咕泡学院】",咕泡教育,免费
Web前端入学宝典【渡一教育】,渡一教育,免费
2020护士资格证考试零基础精讲课（刘本胜老师权威护资辅导）,刘本胜,
原生js贪吃蛇游戏实战开发【渡一教育】,渡一教育,免费
注册结构工程师专业考试免费公开课,张工教育,免费
PS教程/PS图像合成/电商美工/零基础到精通/合成技巧,拓薪教育,¥877.22
【北京峰源】一级注册结构/岩土工程师基础考试免费公开课,峰源教育,免费
10年经验 康sir - 8天学会实战型CCNA课程/CCNP/CCIE,新盟教育,免费
【北京峰源】注册结构工程师专业考试培训公开课,峰源教育,免费
注册给排水工程师专业考试免费公开课,张工教育,免费
【坤哥物理】高二下期全套含3-4  电磁感应动量光学,蜜蜂优课,¥977.22
ps淘宝美工/首页设计/合成海报/电商C4D/淘宝装修网店设计/ps美工,米你课堂,免费
MySQL读写分离,图灵学院,免费
室内设计全套课程,深柳堂设计学院,¥0212.22
PS淘宝美工免费班/PS教程+网店装修+主图海报+PS设计 平面设计 PS,聚心恒教育,免费
马士兵/java/python/AI/从零到年薪百万,马士兵老师,免费
拼多多运营361计系列课程,火焱社拼多多商学院,¥97.22
大数据Hadoop离线/实时数据处理机器学习Flink/Spark/Storm_咕泡,咕泡教育,免费
【北京峰源】注册岩土工程师专业考试培训公开课,峰源教育,免费
【NEXT学位 x IMWeb】Web前端从小白到大师基础课程,腾讯课堂NEXT学院,¥3777.22
python开发入门与职业进阶,逻辑教育,免费
人工智能商业实战AI深度学习/机器学习/Python/大数据_咕泡教育,咕泡教育,免费
周哥教IT.逆向基础课包,周哥教IT,¥576.22
UI UE 设计 PS APP设计 网页设计 交互设计 AE动效 网页代码,米你课堂,免费
泛学苑自媒体新媒体短视频撸收益第八期VIP内容创作全方位进阶班,泛学苑自媒体,¥8576.22
零基础学习PS板绘插画、UI设计,米你课堂,免费
突破年薪40W#Python入门到实战【咕泡教育】,咕泡教育,免费
PS零基础到实战，电商美工/平面设计/UI设计！,米你课堂,免费
无忧就业会计精英私塾2班,菜子学院,¥5777.22
Python人工智能精选集,软谋教育,免费
Redis使用精髓-微博与微信如何用Redis巧妙构建,图灵学院,免费
【VIP】CG原画/插画基础班,合尚教育,¥8412.22
华为认证HCNA/HCIA网络技术零基础教程（全套技术+实战+案例）,新盟教育,免费
【火焱社拼多多】新手小白15天快速打造爆款实战分享,火焱社拼多多商学院,免费
2020高中数学寒春冲刺营,转折点教育,¥5977.22
MK-Linux高级运维 大师级课程 云计算 mysql数据库 centos7,学神IT教育,免费
高级女装制版全套深造技术--VIP三班级【艺服在线教学】,艺服教育,¥5376.22
json-Python自动化测试-项目实战-自动化测试/测试开发/接口/性能,学神IT教育,免费
Java零基础入门到年薪30W（java基础  java入门教程  javase）,拓薪教育,免费
RHCA-RHCE认证考试+红帽官方授权+Linux架构师【学神IT】,学神IT教育,免费
全网最全最细的Jmeter接口测试压力课程实战，没有之一【柠檬班】,柠檬班,
json-Python自动化运维开发-Openstack/Ansible/docker【学神IT】,学神IT教育,免费
室内设计从【CAD施工图、工艺材料、方案预算、谈单沟通】到高级,恩维客教育,免费
山本教育素云VIP第九期恋爱技巧-完美情人班,山本教育,¥5976.22
Web前端高级进阶必备之Vue.js全家桶【软谋教育】,软谋教育,免费
CAD全能制图班（出图、建模、布局、渲染）【今晚直播】,云艺帆教育,免费
Java架构师VIP课程,鲁班学院,¥4962.22
Zookeeper集群原理【图灵学院】,图灵学院,免费
简明JDBC教程,马士兵老师,免费
申论大作文寒假批改班,晴教育,¥8762.22
【柠檬班】软件测试常用工具,柠檬班,免费
Rhino犀牛工业设计产品建模基础快速入门【卓尔谟教育】,卓尔谟教育,免费
【齐论】Shopee虾皮VIP学习卡（一年）,齐论跨境学院,¥8977.22
免费 摄影后期/影楼 精修 调色 风景 人像 合成 商业修图--聚心恒,聚心恒教育,免费
【北京峰源】装配式结构设计实战公开课,峰源教育,免费
闪光灯/基础/摄影/用光 闪光灯实用技巧篇,蜂鸟摄影微课堂,¥77.22
"Tomcat源码剖析分布式架构性能优化Tomcat,Java架构师_咕泡学院",咕泡教育,免费
游戏原画/角色原画/场景原画/零基础30天入门/总监一对一带你学,米你课堂,免费
0-N1精讲班【三文猫】,三文猫,¥1762.22
web前端学习之Javascript/js零基础到经典实战【软谋教育】,软谋教育,免费
2019注册道路工程师执业资格考试备考专业考试公开课,张工教育,免费
软考软件设计师套餐,小任老师,¥060.22
原生JS扫雷游戏实战开发【渡一教育】,渡一教育,免费
高层结构设计实战班公开课,峰源教育,免费
A7R Ⅱ摄影入门到精通,FUN视觉  雷波,¥876.22
性能调优专题-Java虚拟机性能调优与底层原理分析,图灵学院,免费
iOS中高级底层探究,逻辑教育,免费
2020国考行测冲刺课,晴教育,¥122.22
Spring MVC源码剖析【图灵学院】,图灵学院,免费
【小白素描入门】【全干货教】——小六子网络美术学院,小六子网络美术学院,免费
摄影后期全科班+人像摄影全能班,好摄帮课堂,¥0662.22
2020初级会计职称VIP协议班介绍,云财网校,免费
高考数学技巧公开课,尖锋数学,免费
Python 自动化测试开发系统进阶课程_霍格沃兹测试学院,霍格沃兹测试学院,
高考英语高中英语高分满分词汇语法完型阅读写作提分,顶昇教育,免费
一级注册建筑师公开课,张工教育,免费
Java分布式互联网架构/微服务/高性能/springboot/springcloud,拓薪教育,¥8777.22
Linux运维教程之SSHd服（上）,新盟教育,免费
注册电气工程师-专业基础公开课,张工教育,免费
框剪商住综合体预算-土建工程造价案例实操【启程学院】,启程学院,¥5577.22
Go语言Golang入门至高级/micro/channel/goroutine/PHP区块链咕泡,咕泡教育,免费
深入理解内存模型与多线程结果-jvm模型,图灵学院,免费
林耀基小提琴教学法讲堂,弦韵未来,¥76.22
PS/PS教程/摄影后期/人像精修/影楼 海景 调色/电影色调合成,涵品教育,免费
华为HCNA/HCIA网络工程师全套实战教程（零基础小白入门到精通）,新盟教育,免费
2020高考物理一轮电磁学系统班,晨露课堂,¥977.22
PS/PS淘宝美工/ps基础/新手入门/产品精修/调色思路/精修方法,涵品教育,免费
山东专升本计算机(2008-2019)真题最新考纲在线精讲QQ群149178806,跟我学教育,免费
iOS 中高级训练营V7.0,逻辑教育,¥6662.22
韩语零基础学发音,金鼎天成梓宁韩国语,免费
【恩维客教育】3Dmax室内设计效果图,恩维客教育,免费
杨哥Linux云计算系列④：自动化运维CobblerSaltstack Ansible,扣丁学堂,¥577.22
PS+C4D /淘宝美工/PS教程+网店装修+电商设计 平面设计 艾巴优,艾巴优教育,免费
[北京峰源]2019注册消防考试入门+专题解析班,峰源教育,¥5.22
山本教育素云VIP第九期恋爱技巧-基础班,山本教育,¥872.22
彩铅零基础到精通试听课【合尚教育-HESUN】美术绘画,合尚教育,免费
淘宝运营/免费流量/搜索排名/直通车玩法/数据化运营【思睿电商】,思睿电商学院,免费
2020软考--网络工程师-上午历年真题解析视频（第三期）,小任老师,¥77.22
《小规模纳税人全盘账》（做账、报表、报税）会计实操试听课,张老师,免费
【摄影】摄影零基础班-新版/张沛/录播/中艺,中艺影像,¥17.22
小规模+一般纳税人+报税+内控会计实操全盘账上岗,张老师,免费
LayaAir2.0全栈开发,博毅创为大学堂,免费
PS人像影楼/商业修图/摄影/精修/后期/人像精修,茶树网学院,免费
网络安全/服务安全/代码安全/渗透测试【千锋教育】,扣丁学堂,¥4362.22
PS/AI训练营,米你课堂,¥2.72
【火焱社跨境】跨境电商速卖通aliexpress搜索优化公开课,大娃火焱社,免费
PS设计课-3节直播（粉丝福利）,柠檬学院,
Rhino犀牛6快速入门,云艺帆教育,免费
木泉boss-Linux高级架构师 挑战30W年薪 运维/集群/云计算,新盟教育,免费
武百分2020执业/助理医师资格考试消化系统考点精讲,武百分教育,¥77.22
注册岩土工程师专业考试免费公开课,张工教育,免费
【爆款】新店如何快速赚钱 零基础操作淘宝开店运营技巧【齐论】,齐论教育,免费
web全栈开发-企业级开发专题【六星教育】,六星教育,¥9662.22
PS摄影后期大师课 人像精修/调色/风景/合成/商业修图/色彩原理,米你课堂,免费
0基础文案体验营——3天打开文案思维，提升工作表现,起点学院,免费
UG塑胶模具设计全科班,学呀教育.,¥9662.22
CG游戏原画绘画：头像五官基础理论上色/菜鸟必学【原画人荣荣】,原画人在线学院,免费
Web前端高级 html5/css3/javascript/vue/react/node/es6/webpack,软谋教育,免费
【坤哥物理】高二下期全套含3-3  电磁感应动量热学,蜜蜂优课,¥977.22
2019临床执业医师/助理医师考试消化系统,武百分教育,免费
【松勤】软件测试从基础到高级全栈课程,松勤软件测试,免费
西瓜爆款特训营——年度版,西瓜商学院,¥8762.22
原画人SAI教程,原画人在线学院,免费
Java架构师技术栈/微服务/分布式/高并发/性能优化【六星教育】,六星教育,免费
【优梯教育】首页新趋势，精准标签玩法拉爆百万个性化流量,优梯教育,¥76.22
闫辉 HCIA+CCNA网络工程师入门篇,太阁IT认证中心,免费
松勤Python自动化测试（测试开发）全栈课程-试听课,松勤软件测试,免费
2020江西教师招聘学科（小学数学）专业知识精讲课程,江西高校教育文化发展有限公司,¥762.22
Office办公软件商务文秘必学，WPS-Word-Excel-PPT（函数表格）,云艺帆教育,免费
2019临床执业医师/助理医师女性生殖系统,武百分教育,免费
女神情感课堂-山本情感恋爱学堂VIP会员课程,山本教育,¥8662.22
2019临床执业/助理医师呼吸系统,武百分教育,免费
注册电气工程师（供配电）专业考试免费公开课,张工教育,免费
亚马逊高级运营特训班 2020年百聚汇VIP学习卡,百聚汇商学院,¥7622.22
Java零基础入门到精通/JavaWEB开发/Java全栈开发【六星教育】,六星教育,免费
2020年一级注册消防工程师公开宣讲课,不惑教育,免费
【火焱社拼多多】拼多多实战运营实战课程零基础打造爆款,火焱社拼多多商学院,¥3762.22
c4d电商实战/c4d电商设计/C4D电商装修/首页设计,云艺帆教育,免费
Jmeter性能测试实战（试听课）,松勤软件测试,免费
平面设计大师班,智源教育学院,¥3862.22
2019临床执业医师/助理医师心血管系统,武百分教育,免费
六IE认证专家 闫辉 教你真正的CCNA全套课程/CCNP/CCIE,太阁IT认证中心,免费
软件测试从小白到高手全程班【柠檬班】第66-60期,柠檬班,¥4162.22
C/C++入门到精通实战,六星教育,免费
日韩插画/漫画/素描：头像人体服装设计/小白课堂【原画人玄璃】,原画人在线学院,免费
Ps学了就用/Photoshop零基础到精通/合成/调色/ps动画/滤镜,蒋老师过级,¥82.22
CAD制图【轻松3H搞定CAD制图】,云艺帆教育,免费
软件测试之python自动化测试2(web自动化+app自动化+接口自动化）,松勤软件测试,¥1462.22
零基础学CAD制图 60天独立出图,云艺帆教育,免费
闫辉  创新思科华为双厂商网络基础融合课程CCNA+HCNA=XCNA,太阁IT认证中心,免费
ps美术原画设计/绘画：同人线稿动漫设计/入门课堂【原画人荣荣】,原画人在线学院,免费
【云鹤直通车上】30天直通车入门到精通，教你独立开车到专业水准,卖盟学堂,¥377.22
2020高考数学抢跑夺分攻略（微信sugarmath666）,晨露课堂,免费
日系古风插画/绘画：同人头像立绘/零基础到精通【原画人雪梨】,原画人在线学院,免费
2020年中级会计师职称考试【中级财务管理-精讲班】 名师授课,瑞云学堂,¥376.22
UG编程实战 产品零件及模具UG数控编程入门到精通,云艺帆教育,免费
游戏/插画/绘画/漫画：同人怪物材质细化/新手必学【原画人玄璃】,原画人在线学院,免费
CAD家具设计实战（室内板式定制家具衣柜橱柜酒柜-测量拆单报价）,云艺帆教育,¥3962.22
2020高考生物极速提升满分攻略--宿阳,晨露课堂,免费
【爆款】打爆单品/访客破万/免费流量/低价引流/日出千单【齐论】,齐论教育,免费
【摄影】人像摄影构图及应用/田德友/录播/中艺,中艺影像,¥17.22
CCNA网络精品课之交换机基础原理,新盟教育,免费
ps/ps电商设计/淘宝美工/ps教程/平面设计/趣味PS零基础轻松学,涵品教育,免费
python高级软件测试开发第1-3期【柠檬班VIP】,柠檬班,¥53622
平面设计总监直播课,米你课堂,免费
HOOK原理解析,逻辑教育,免费
正式-室外建筑表现建筑设计-效果图3dmax+Photoshop渲染后期VIP班,云艺帆教育,¥3162.22
注册环保工程师专业考试公开课,张工教育,免费
软件测试Python/性能/接口/安全/自动化软件测试零到精通【咕泡】,咕泡教育,免费
【坤哥物理】高二全年同步课 选修3-1 3-2 3-3 3-4 3-5,蜜蜂优课,¥5566.22
C#/.Net从入门到实战(MVC/Winform/Sql/WPF/Ado.Net/WCF/零基础),软谋教育,免费
注册一级建筑师公开课,张工教育,免费
高一物理同步精讲,北京跨学网教育科技有限公司,¥837.22
超级小白编程入门,马士兵老师,免费
免费PS摄影后期 修图/调色/人像/风景/商业/合成/原创大师提升班,米你课堂,免费
原画人美宣插画7期【本命虎】,原画人在线学院,¥9172.22
并发编程核心框架AQS之独占锁原理详解【图灵学院】,图灵学院,免费
软件测试之常用bug管理系统【柠檬班】,柠檬班,免费
2020生物全套一轮二轮,生物岳老师,¥5077.22
【北京峰源】暖通设计公开课,峰源教育,免费
Web前端高级之javascript/js进阶实战【软谋教育】,软谋教育,免费
女神服装风格(线下+线上）,完颜形象教育,¥77.22
IT行业职业发展之路,渡一教育,免费
法语零基础入门进阶课堂,言传声教,免费
摄影高级进阶VIP班,光影学院,¥3762.22
【驭宝电商】高效打造单品爆款，专注淘内免费流量运营十年,杭州驭宝网络技术有限公司,免费
【知守消防】【2020公开课】一级注册消防工程师免费0基础学习,大圣老师,免费
2020高考数学一轮复习系统班 sugar 王梦抒,晨露课堂,¥5977.22
电气工程师-电工-二建培训班,方谊华,免费
软件测试-零基础全栈就业班-【乐搏学院23-31期】,乐搏技术学院,¥4162.22
电气设计提高班,方谊华,免费
基于docker构建MySQL集群,图灵学院,免费
7天挑战设计集训营,米你课堂,免费
初级会计职称-精讲班：经济法基础,菜子学院,¥076.22
PS设计师资源课程,米你课堂,免费
Alibaba双十一万亿级消息中间件RocketMQ实战,图灵学院,免费
武百分2020执业/助理医师资格考试呼吸系统考点精讲,武百分教育,¥47.22
区块链 - 比特币挖矿是怎么回事？,图灵学院,免费
HuaWei R-S,新盟教育,免费
【VIP】速写基础-传统向漫画向【合尚教育】,合尚教育,¥5862.22
分布式专题-亿级流量商品详情静态化与多级缓存实战【图灵学院】,图灵学院,免费
PS/PS淘宝美工/新手入门/抠图技巧/基础操作/思路讲解/抠图教程,涵品教育,免费
软件测试—零基础全程就业课程【动脑学院】,动脑学院,¥4562.22
PS/PS教程/摄影后期/人像精修/调色 合成 基础工具教学/思路解析,涵品教育,免费
双十一电商秒杀系统性能优化实战,图灵学院,免费
【巨皇教育】手淘首页淘宝小卖家，获取上万访客秘籍运营实操课程,巨皇教育,¥16.22
Spring Cloud微服务实战直播答疑,享学课堂,免费
原画人PS教程,原画人在线学院,免费
2020省考-片段阅读,晴教育,¥122.22
小闫Sir带你学习HCIA、HCIP、HCIE直通车课程,太阁IT认证中心,免费
数据化运营/淘宝运营/免费引流/免费流量/搜索排名/直通车新玩法,思睿电商学院,免费
高二物理同步精讲,北京跨学网教育科技有限公司,¥347.22
【直播】素描绘画试听课【合尚教育】美术绘画彩铅水彩油画漫画,合尚教育,免费
PS/C4D/AI/CDR平面设计 VI视觉识别 色彩版式 画册排版  logo设计,云艺帆教育,免费
2020年淘宝运营冲刺班,思睿电商学院,¥8162.22
数据产品经理求职攻略，老师带你破解面试关键点,起点学院,免费
【爆款】0基础打造盈利店铺 超级蓝海爆款快速出单【齐论】,齐论教育,免费
2019年中级财务管理精讲班,菜子学院,¥976.22
学习新媒体运营精品课 | 新媒体运营的从0到1,起点学院,免费
【爆款】淘宝手淘搜索原创秘籍、7-14天流量爆破【齐论】,齐论教育,免费
Axure原型实战班（系统学习最新的Axure9.0，已有5000+同学学习）,起点学院,¥077.22
Creo/Proe建模曲面-产品设计（外观/结构/开模图/工程图/有限元）,云艺帆教育,免费
【巨皇教育】新手必学！竞店夺权抢占1小时，10000+访客流量,巨皇教育,免费
原画人欧美卡通角色设计1期【铁匠】,原画人在线学院,¥9172.22
技术转产品，技术思维是阻力还是助力？,起点学院,免费
0-N2精讲班【三文猫】,三文猫,¥9362.22
超值赠送课：高级产品经理教你做好项目管理工作,起点学院,免费
武百分2018乡村全科执业助理医师考试免费课堂,武百分教育,免费
CG厚涂插画： 角色人体结构设计/零基础到精通【原画人十七】,原画人在线学院,免费
.NET高级开发VIP班,软谋教育,¥9077.22
【爆款】零基础也能玩的复制爆款法淘宝开店运营技巧【齐论】,齐论教育,免费
2019临床执业医师/助理医师考试代谢、内分泌系统,武百分教育,免费
Amazon亚马逊排名要素初窥、爆款打造技巧【卖家揭秘】,魔贝课凡,¥76.22
【爆款】淘宝直通车如何选词、提高直通车质量得分 【齐论】,齐论教育,免费
PS设计课/电商美工/详情页/装修/抠图/调色/合成/精修免费特训营,智源教育学院,免费
原画人绘画进阶12期 【玉梨子，重渡】,原画人在线学院,¥0472.22
【爆款】淘宝开店运营新品快速7天访客破千细权重增权法【齐论】,齐论教育,免费
Axure大作战-产品新人的原型学习营,起点学院,免费
超级学习法天才精英班五六年级,广东世之峰教育网络科技有限公司,¥0762.22
原阿里运营总监：运营3大核心思维,起点学院,免费
【智能社】精通vue.js开发-第二期,【智能社】在线课堂,¥5976.22
如何构建数据产品经理的业务、数据、产品能力三角,起点学院,免费
美团架构师解密千万级高并发红包系统架构,图灵学院,免费
思科全套模拟器讲解 思科认证网络工程师 CCNA/CCNP/CCIE,新盟教育,免费
CAD制图全能【出图1001个技巧】配套习题,云艺帆教育,¥022.22
注册岩土工程师-专业基础公开课,张工教育,免费
spring aop底层实现asm剖析【图灵学院】,图灵学院,免费
【NEXT学院】Java全栈开发商业小程序,腾讯课堂NEXT学院,¥077.22
PS/PS淘宝美工/ps基础/新手入门/设计思路/创意合成/PS轻松学,涵品教育,免费
CCNA网络精品课之VLAN,新盟教育,免费
VBA初级+提高系列课程,Excel学习乐园,¥356.22
CCNA网络精品课之IP地址,新盟教育,免费
【PS】小白零基础入门教程,小六子网络美术学院,免费
软件测试-Python自动化提升班【乐搏学院Web/APP/接口自动化】,乐搏技术学院,¥1462.22
Java互联网架构师,逻辑教育,免费
2020一级建造师项目管理系统精讲（包括2019一建管理真题）,Jacky,免费
UG产品+模具全科班,学呀教育.,¥6666.22
手把手教财务人员“写简历+应对面试”系统课程,张老师,免费
定制家具3DMAX室内设计整装建模效果图CAD全屋板式衣柜橱柜护墙,云艺帆教育,免费
Java高级软件测试开发第1-2期【柠檬班】,柠檬班,¥53622
国内考试公共英语三级 PETS3BEC 自考 成人高考一网打尽,上元语言网校,免费
Python开发/自动化/网络爬虫/运维/从入门到精通【动脑学院】,动脑学院,免费
新2020 PS 108实训班/实操训练/老师指导/作业点评/第3代VIP课程,聚心恒教育,¥3082.22
【直播】高中应试英语 名师精讲 快速提分【上元网校】,上元语言网校,免费
【鸿图学院】Creo/Proe产品设计【曲面/结构/钣金/仿真】免费讲解,鸿图学院,免费
ArcGIS 10.X 入门实战视频教程（GIS思维）,GIS思维,¥16.22
室内设计师-家装工装-方案优化/建材施工/工程预算/谈单沟通,艾巴优教育,免费
【火焱社直播】淘宝数据化运营解析手淘首页、免费流量5天破千,大娃火焱社,免费
山本教育爱情管家挽回爱情婚姻提升情商/爱情管家,山本教育,¥9662.22
深入虚拟机底层分析synchronized【图灵学院】,图灵学院,免费
注册暖通动力工程师-专业基础公开课,张工教育,免费
U-Boot和系统移植套餐,朱有鹏物联网大讲堂,¥829.22
注册给排水工程师-专业基础公开课,张工教育,免费
Redis高并发分布式锁~Redisson框架实现分布式锁【图灵学院】,图灵学院,免费
土木复试全程土力学和混凝土结构设计原理,志学鸿途教育学院,¥127.22
数据结构精华-HashMap+ConcurrentHashMap,图灵学院,免费
SEO+大咖系列课程包,魔贝课凡,¥8777.22
解密区块链核心密码学,图灵学院,免费
太阁ccna/hcia+ccnp/hcip周作业讲解,太阁IT认证中心,免费
勘察设计注册工程师-公共基础公开课,张工教育,免费
2Ｄ/3Ｄ/ＡＦ/ＤＦ包,深圳学立行教育科技有限公司,¥9222.22
Jmeter高级性能测试实战课程发布会,松勤软件测试,免费
注册规划师公开课,张工教育,免费
中考高考高分必备语法,北京朴易教育科技有限公司,¥5571.22
UG软件安装视频教程全套UG安装包UG远程安装全套,云艺帆教育,免费
【爆款】淘宝客推广技巧与流量设置 0基础也能引流【齐论】,齐论教育,免费
精英续航系列-精讲班：实务【续航A班】,菜子学院,¥876.22
【优梯拼多多】利用流量红利，快速打造日销千单爆款,优梯拼多多学院,免费
2020宿阳生物｜7天再提20分一轮核心考点集锦,晨露课堂,
全网独家iOS自动化测试实战,柠檬班,¥076.22
SEO网站优化SEO网赚|熊掌号|网站建设|快速排名|网络推广网络营销,魔贝课凡,免费
【录播】新概念英语第一册，你的选择不会错--Wendy老师主讲,e学苑在线教育,免费
【VIP】学院之路-素描石膏像/绘画/美术/素描基础/人像,润木艺术,¥776.22
2017临床执业医师/助理医师精神、神经系统,武百分教育,免费
恋爱技巧撩妹情感聊天课堂,山本教育,免费
高三高考数学总复习,北京跨学网教育科技有限公司,¥391.22
室内设计「七天学会全套CAD施工图」速成班精品课（连载更新中）,仁厚教育,免费
黑客渗透工程师/区块链/云计算/Linux运维网络安全/架构师/python,掌控安全学院,免费
2020年江西教师招聘考试教育综合知识精讲班-高校教育,江西高校教育文化发展有限公司,¥5362.22
CAD室内设计CAD施工图从零基础入门到精通（随地随学，连载更新）,仁厚教育,免费
PS淘宝美工PS教程_平面设计_抠图_精修_主图_海报_详情页_为课,为课教育,免费
【齐论跨境/专注跨境培训】亚马逊全球开店介绍及收款方式详解,齐论跨境学院,¥55.22
CCNA网络精品课之OSPF,新盟教育,免费
解决高薪会计工作中的四大问题,菜子学院,免费
Java架构师培养计划-Level one,渡一教育,¥9077.22
【官方推荐】菜子学院会计试听课合辑,菜子学院,免费
掌控安全/kali/黑客信息安全/网络安全/渗透/linux/编程语言/架构,掌控安全学院,免费
纯粹-2019黄恺室内设计平面布局户型优化核心班（方案设计系统）,纯粹教育设计网校,¥8822.22
mysql教程-马哥2019全新Mysql配置和安装实战,马哥教育,免费
【NEXT学院】Python从入门到实战·基础篇,腾讯课堂NEXT学院,¥777.22
shell教程-2019全新Shell脚本入门教程,马哥教育,免费
【爆款】拼多多如何做标题 获取高流量【齐论】,齐论拼多多学院,免费
年薪30万的大数据开发从入门到精通【马哥教育】,马哥教育,免费
高端大数据课程 精英培训计划,优效学院,¥1762.22
初三冲刺解题及押题班,考试加油吧,免费
新媒体的行业趋势 |从微信到抖音，了解新媒体全貌,起点学院,免费
剑指Offer-ACM大牛带你玩转数据结构与算法,图灵学院,¥5772.22
python爬虫教程-马哥全新Python商业爬虫实战,马哥教育,免费
聊天技巧恋爱撩妹婚姻情感咨询/山本教育公开课【录播】,山本教育,免费
马哥教育2020Python运维自动化高级进阶班,马哥教育,¥7622.22
CCNA小白入门之七分钟小视频【第二季】,新盟教育,免费
室内设计培训 CAD2014，软件运用，快捷键，平面施工图绘制讲解,云学贝教育,免费
老照片修复[全套]课程,王国君,¥5376.22
"2小时通晓分布式架构10年来的演变,Java架构师进阶【咕泡学院】",咕泡教育,免费
【巨皇教育】淘宝运营/爆款打造实战班/数据化运营/0基础也能学会,巨皇教育,免费
UI设计大师直升班【51RGB出品】,51RGB在线教育,¥1577.22
室内设计基础到实战特训班/CAD平面设计/预算/谈单/户型优化/深化,云学贝教育,免费
草图大师从入门到精通（全套） sketchup2018,仁厚教育,免费
初二英语语法专题,北京跨学网教育科技有限公司,¥11.22
手写同步器锁反推AQS核心原理【图灵学院】,图灵学院,免费
"Base64原理剖析,Base64面试java高级,Java架构师进阶【咕泡学院】",咕泡教育,免费
【齐论拼多多/专注电商培训】VIP课程学习卡,齐论拼多多学院,¥3777.22
